City,Country,Lat,Lng,Temperature,Humidity,Clouds,Wind_Speed,date
Lagoa,PT,39.05,-27.9833,20.37,75,100,7.54,1630898843
Qaanaaq,GL,77.484,-69.3632,-7.47,86,98,0.94,1630898844
Nome,US,64.5011,-165.4064,8.04,87,90,3.09,1630898844
Faya,SA,18.3851,42.4509,15.29,47,9,0.96,1630898844
Albany,US,42.6001,-73.9662,17.95,93,100,1.34,1630898681
New Norfolk,AU,-42.7826,147.0587,12.46,59,12,4.02,1630898845
Chapais,CA,49.7834,-74.8492,12.88,96,13,1.8,1630898845
Paso de los Toros,UY,-32.8167,-56.5167,14.2,87,100,4.57,1630898846
Bluff,NZ,-46.6,168.3333,14.89,57,100,7.0,1630898846
San Patricio,US,28.017,-97.5169,28.16,63,38,4.43,1630898847
Cape Town,ZA,-33.9258,18.4232,7.23,93,40,1.54,1630898563
Port Macquarie,AU,-31.4333,152.9167,18.98,39,3,7.52,1630898847
Busselton,AU,-33.65,115.3333,21.69,54,0,7.08,1630898847
Rikitea,PF,-23.1203,-134.9692,23.53,76,100,4.19,1630898581
Kapaa,US,22.0752,-159.319,25.52,71,75,0.89,1630898848
Arrondissement de Dole,FR,47.0833,5.5,12.96,94,0,1.03,1630898848
Magadan,RU,59.5667,150.8,10.62,36,1,4.92,1630898849
Ribeira Grande,PT,38.5167,-28.7,20.66,76,93,7.34,1630898849
Burnie,AU,-41.0667,145.9167,16.62,49,17,5.59,1630898850
Ushuaia,AR,-54.8,-68.3,6.81,70,0,0.0,1630898850
Pevek,RU,69.7008,170.3133,0.62,92,100,7.64,1630898850
Saint-Philippe,RE,-21.3585,55.7679,19.14,77,93,7.39,1630898851
Ponta do Sol,PT,32.6667,-17.1,23.62,92,56,4.5,1630898851
Cap Malheureux,MU,-19.9842,57.6142,21.37,69,46,5.36,1630898851
East London,ZA,-33.0153,27.9116,14.52,77,0,6.69,1630898852
Avarua,CK,-21.2078,-159.775,24.03,78,75,6.17,1630898755
Belyy Yar,RU,53.6039,91.3903,12.94,67,0,1.0,1630898852
San Ignacio Río Muerto,MX,27.4167,-110.2333,26.94,79,100,3.69,1630898852
Port Alfred,ZA,-33.5906,26.891,14.93,73,100,7.32,1630898853
Atuona,PF,-9.8,-139.0333,25.65,74,9,8.79,1630898853
Fairbanks,US,64.8378,-147.7164,10.58,81,90,0.45,1630898813
Dahuk,IQ,36.8695,42.994,23.99,24,0,2.34,1630898854
Castro,BR,-24.7911,-50.0119,15.61,57,0,1.1,1630898854
Hong Kong,HK,22.2855,114.1577,32.8,73,18,4.33,1630898854
Torbay,CA,47.6666,-52.7314,10.17,92,90,4.12,1630898855
Terme,TR,41.2092,36.9739,16.96,83,95,2.77,1630898855
Birao,CF,10.2849,22.7882,20.22,97,100,0.94,1630898855
Barrow,US,71.2906,-156.7887,4.01,75,40,4.63,1630898572
Palín,GT,14.4056,-90.6983,21.26,91,96,1.16,1630898856
Butaritari,KI,3.0707,172.7902,27.84,78,66,6.57,1630898856
Port Moresby,PG,-9.4431,147.1797,30.68,58,40,10.29,1630898619
Ahipara,NZ,-35.1667,173.1667,15.84,69,94,6.05,1630898857
Dikson,RU,73.5069,80.5464,7.77,90,15,7.78,1630898857
Province of Mantua,IT,45.1667,10.7833,16.33,88,81,1.97,1630898858
Punta Arenas,CL,-53.15,-70.9167,5.06,81,0,2.57,1630898858
Makakilo City,US,21.3469,-158.0858,27.57,54,20,2.57,1630898859
Indianola,US,41.3581,-93.5574,20.78,76,60,3.11,1630898808
Geraldton,AU,-28.7667,114.6,25.23,20,0,9.77,1630898860
Hilo,US,19.7297,-155.09,23.26,86,90,2.57,1630898614
Hobart,AU,-42.8794,147.3294,14.23,50,20,2.24,1630898797
Hermanus,ZA,-34.4187,19.2345,8.83,62,98,2.27,1630898861
Cabo San Lucas,MX,22.8909,-109.9124,28.53,68,20,4.24,1630898630
Hithadhoo,MV,-0.6,73.0833,28.2,71,84,4.13,1630898861
Rawson,AR,-43.3002,-65.1023,12.16,76,75,2.06,1630898862
Cherskiy,RU,68.75,161.3,0.7,100,100,9.18,1630898862
Bethel,US,41.3712,-73.414,19.68,93,90,0.0,1630898862
Mahébourg,MU,-20.4081,57.7,21.16,73,20,7.2,1630898863
Aguçadoura,PT,41.4318,-8.7804,21.24,82,75,3.11,1630898863
Padang,ID,-0.9492,100.3543,28.03,80,99,0.2,1630898863
Kaitangata,NZ,-46.2817,169.8464,14.5,54,100,2.86,1630898864
Voh,NC,-20.9667,164.7,25.37,56,3,4.29,1630898864
Mar del Plata,AR,-38.0023,-57.5575,6.01,100,4,1.03,1630898626
Acapulco de Juárez,MX,16.8634,-99.8901,26.44,84,100,2.77,1630898678
Al Bardīyah,LY,31.7561,25.0865,24.11,80,0,2.64,1630898865
Algeciras,ES,36.1333,-5.4505,22.82,88,40,8.75,1630898865
Abu Kamal,SY,34.4506,40.9171,27.56,24,0,3.02,1630898866
Leningradskiy,RU,69.3833,178.4167,1.07,66,97,7.54,1630898866
Galesong,ID,-5.3166,119.3661,30.01,64,95,1.69,1630898866
Tiksi,RU,71.6872,128.8694,11.56,80,100,10.83,1630898867
Ishigaki,JP,24.3448,124.1572,31.07,74,75,3.6,1630898867
Mataura,NZ,-46.1927,168.8643,14.71,49,100,2.58,1630898867
Khilok,RU,51.3674,110.4676,11.53,47,85,2.05,1630898868
Khatanga,RU,71.9667,102.5,14.86,58,18,4.22,1630898868
Hofn,IS,64.2539,-15.2082,10.86,79,100,4.08,1630898868
Carnarvon,AU,-24.8667,113.6333,30.04,31,0,7.2,1630898869
Artyom,AZ,40.4723,50.333,22.08,59,0,5.35,1630898869
Norman Wells,CA,65.282,-126.8329,14.02,88,75,2.57,1630898870
Grand-Lahou,CI,5.1367,-5.0242,23.79,93,86,5.21,1630898870
Chui,UY,-33.6971,-53.4616,11.65,96,29,2.07,1630898870
Fort Nelson,CA,58.8053,-122.7002,12.77,94,75,1.03,1630898871
Nikolskoye,RU,59.7035,30.7861,7.94,94,92,2.43,1630898871
Borogontsy,RU,62.6683,131.1683,14.53,40,42,1.66,1630898871
Neira,CO,5.1665,-75.52,16.05,96,90,1.41,1630898872
Mossendjo,CG,-2.9506,12.7261,21.03,87,78,1.54,1630898872
Hearst,CA,49.6835,-83.6665,10.14,96,50,3.05,1630898873
Upata,VE,8.0086,-62.3989,23.44,94,66,1.58,1630898873
Theodoriana,GR,39.4356,21.21,14.82,79,99,3.0,1630898874
Samfya,ZM,-11.3649,29.5565,16.41,45,0,2.92,1630898874
Auki,SB,-8.7676,160.7034,27.05,81,97,0.7,1630898875
Mogwase,ZA,-25.185,27.2665,17.51,39,53,1.36,1630898875
Port Elizabeth,ZA,-33.918,25.5701,13.16,82,20,7.2,1630898875
Cidreira,BR,-30.1811,-50.2056,15.66,93,100,3.38,1630898876
Mount Gambier,AU,-37.8333,140.7667,14.95,58,75,5.14,1630898876
Lompoc,US,34.6391,-120.4579,15.88,90,1,2.06,1630898877
Pisco,PE,-13.7,-76.2167,16.03,77,82,1.03,1630898877
Zhaotong,CN,27.3167,103.7167,16.84,91,100,3.63,1630898877
Båtsfjord,NO,70.6345,29.7185,4.89,87,100,1.4,1630898878
Pouembout,NC,-21.1333,164.9,25.46,56,7,4.62,1630898878
Codrington,AU,-38.2667,141.9667,13.95,57,6,4.91,1630898879
St. George's,GD,12.0564,-61.7485,25.82,83,20,0.0,1630898685
Yanam,IN,16.7333,82.2167,27.22,96,100,3.55,1630898879
Tahoua,NE,14.8888,5.2692,26.52,64,83,3.24,1630898880
Mossamedes,AO,-15.1961,12.1522,15.64,88,1,1.11,1630898880
Lata,PT,40.1629,-8.3327,19.89,64,100,1.59,1630898880
Nanortalik,GL,60.1432,-45.2371,5.5,72,0,4.97,1630898881
Jamestown,US,42.097,-79.2353,15.4,91,1,2.21,1630898660
Vaini,TO,-21.2,-175.2,23.09,94,90,2.57,1630898881
Camacha,PT,33.0833,-16.3333,22.67,83,40,7.72,1630898882
Souillac,MU,-20.5167,57.5167,21.21,73,20,7.2,1630898882
Grindavik,IS,63.8424,-22.4338,9.26,93,90,7.2,1630898689
Sinnamary,GF,5.3833,-52.95,25.97,84,76,4.72,1630898882
Kremenki,RU,54.885,37.1261,2.5,91,86,2.31,1630898883
Puerto del Rosario,ES,28.5004,-13.8627,23.86,88,0,3.09,1630898883
Tasiilaq,GL,65.6145,-37.6368,4.09,98,100,1.73,1630898884
Tuy Hoa,VN,13.0833,109.3,29.89,68,100,1.58,1630898860
Banjarmasin,ID,-3.3244,114.591,28.08,61,63,3.21,1630898884
Yellowknife,CA,62.456,-114.3525,14.29,94,75,1.54,1630898653
Dingle,PH,10.9995,122.6711,30.34,69,85,0.58,1630898885
Nabire,ID,-3.3667,135.4833,29.47,69,41,1.36,1630898885
Severo-Kuril'sk,RU,50.6789,156.125,13.31,80,96,7.13,1630898886
Pangkalanbuun,ID,-2.6833,111.6167,28.37,75,80,1.88,1630898886
Ughelli,NG,5.4899,6.0074,23.12,96,100,0.84,1630898886
Pueblo,US,38.2545,-104.6091,23.28,33,1,2.06,1630898609
Petropavlovsk-Kamchatskiy,RU,53.0452,158.6483,15.33,59,75,4.0,1630898601
Oktyabr'skiy,RU,54.4815,53.471,8.79,70,99,1.75,1630898887
Esso,RU,55.9333,158.7,10.41,85,100,1.63,1630898888
Entre Rios,BR,-11.9419,-38.0844,19.33,95,5,1.49,1630898888
João Pinheiro,BR,-17.7425,-46.1725,23.13,30,0,0.77,1630898888
Coquimbo,CL,-29.9533,-71.3436,10.85,87,0,3.6,1630898889
Terracina,IT,41.2863,13.2217,18.97,73,0,2.01,1630898889
George Town,MY,5.4112,100.3354,29.97,66,20,1.54,1630898597
Kimbe,PG,-5.5502,150.1429,29.44,77,32,1.86,1630898890
Sydney,AU,-33.8679,151.2073,18.25,45,4,2.24,1630898459
Dolores,AR,-36.3132,-57.6792,7.82,88,94,3.33,1630898890
Nautla,MX,20.2167,-96.7833,25.45,87,100,1.45,1630898891
Maués,BR,-3.3836,-57.7186,22.07,98,74,1.39,1630898891
Pitimbu,BR,-7.4706,-34.8086,23.33,77,31,3.98,1630898891
Mogadishu,SO,2.0371,45.3438,25.19,78,11,6.64,1630898892
Najrān,SA,17.4924,44.1277,23.36,23,28,1.85,1630898892
Sorong,ID,-0.8833,131.25,28.16,78,100,4.86,1630898893
Karasjok,NO,69.4719,25.5112,9.06,89,100,3.8,1630898893
Lincoln,US,40.8,-96.667,21.38,74,1,0.89,1630898729
Palmer,US,42.1584,-72.3287,19.18,86,90,1.54,1630898894
Hay River,CA,60.8156,-115.7999,15.99,88,75,1.03,1630898894
Flin Flon,CA,54.7682,-101.865,11.81,75,87,3.45,1630898894
Mackay,AU,-21.15,149.2,22.99,49,54,6.69,1630898895
Tūkrah,LY,32.5341,20.5791,24.27,72,0,4.06,1630898895
Turbat,PK,26.0023,63.044,28.49,67,13,0.61,1630898762
Valdivia,CL,-39.8142,-73.2459,5.02,99,36,0.75,1630898896
Kushiro,JP,42.975,144.3747,18.53,68,75,4.12,1630898896
Lüderitz,NA,-26.6481,15.1594,12.48,79,18,9.17,1630898896
Matagami,CA,49.7502,-77.6328,12.06,100,1,2.57,1630898897
Bathsheba,BB,13.2167,-59.5167,24.34,94,20,1.54,1630898897
Neuquén,AR,-38.9516,-68.0591,12.94,62,40,2.06,1630898897
Krasnohrad,UA,49.3814,35.4402,5.49,79,7,2.68,1630898898
Progreso,MX,21.2833,-89.6667,23.95,89,100,6.52,1630898898
Matonga,TZ,-2.3833,34.0833,19.74,53,24,2.38,1630898899
Nouadhibou,MR,20.931,-17.0347,23.99,73,0,4.63,1630898899
Gūdūr,IN,14.1333,79.85,27.62,63,100,6.64,1630898899
Flinders,AU,-34.5833,150.8552,17.61,47,6,8.8,1630898900
Fortuna,US,40.5982,-124.1573,14.98,69,1,0.0,1630898900
Saskylakh,RU,71.9167,114.0833,16.14,64,100,5.19,1630898901
Tazovsky,RU,67.4667,78.7,10.31,82,100,5.58,1630898901
Agüimes,ES,27.9054,-15.4461,21.26,78,0,2.06,1630898901
Aksay,RU,47.26,39.87,4.19,50,0,3.07,1630898902
Dehlorān,IR,32.6941,47.2679,32.07,10,0,3.57,1630898902
El Rusio,HN,14.4667,-86.3667,20.51,95,100,0.66,1630898903
Banda Aceh,ID,5.5577,95.3222,29.28,62,23,2.94,1630898903
Bengkulu,ID,-3.8004,102.2655,28.61,67,90,0.88,1630898903
Richards Bay,ZA,-28.783,32.0377,20.34,87,100,6.01,1630898904
Tual,ID,-5.6667,132.75,27.04,80,100,9.9,1630898904
Wajir,KE,1.7471,40.0573,22.38,77,2,4.69,1630898904
Houma,US,29.5958,-90.7195,26.7,88,3,1.67,1630898906
Bambous Virieux,MU,-20.3428,57.7575,21.14,73,20,7.2,1630898906
Yar-Sale,RU,66.8333,70.8333,9.99,57,42,6.29,1630898907
Omboué,GA,-1.5746,9.2618,23.53,82,100,3.46,1630898907
Kruisfontein,ZA,-34.0033,24.7314,11.05,74,100,5.93,1630898907
Vila Franca do Campo,PT,37.7167,-25.4333,20.23,84,64,5.17,1630898908
Sosnovo-Ozerskoye,RU,52.5249,111.5418,8.29,54,64,2.97,1630898908
Beringovskiy,RU,63.05,179.3167,6.1,76,100,5.61,1630898909
Abong Mbang,CM,3.9833,13.1833,18.64,99,85,1.8,1630898909
Filingué,NE,14.3521,3.3168,26.89,62,100,3.06,1630898910
Yenagoa,NG,4.9247,6.2642,23.54,96,100,1.21,1630898910
Margate,GB,51.3813,1.3862,13.5,97,22,2.17,1630898910
Tarboro,US,35.8968,-77.5358,21.99,78,1,2.06,1630898911
Daru,PG,-9.0763,143.2092,26.48,76,100,7.48,1630898911
Portland,US,45.5234,-122.6762,22.16,67,20,0.89,1630898912
Vao,NC,-22.6667,167.4833,21.36,76,12,5.57,1630898912
Loveland,US,40.3978,-105.075,19.55,33,1,1.79,1630898912
Airai,TL,-8.9266,125.4092,24.36,44,100,2.91,1630898913
Atar,MR,20.5169,-13.0499,31.71,41,11,3.96,1630898913
Port Lincoln,AU,-34.7333,135.8667,16.13,62,38,1.98,1630898913
Butembo,CD,0.15,29.2833,13.06,96,47,0.72,1630898914
Provideniya,RU,64.3833,-173.3,4.06,70,90,5.0,1630898914
Envira,BR,-7.3,-70.2167,21.81,98,99,1.3,1630898915
Sargūr,IN,11.9833,76.4167,23.32,93,100,4.09,1630898915
Oruzgan,AF,32.8333,66.0,24.45,11,1,3.07,1630898915
Arraial do Cabo,BR,-22.9661,-42.0278,21.74,92,46,0.27,1630898916
Gediz,TR,39.0417,29.41,14.02,87,44,3.66,1630898916
Prince Rupert,CA,54.3161,-130.3201,12.94,91,90,5.14,1630898916
Sakakah,SA,29.9697,40.2064,27.76,17,6,2.11,1630898917
Salisbury,GB,51.0693,-1.7957,14.12,95,20,1.54,1630898917
Ulaanbaatar,MN,47.9077,106.8832,14.07,44,40,4.0,1630898918
Ketchikan,US,55.3422,-131.6461,13.26,94,90,0.0,1630898918
Black River,JM,18.0264,-77.8487,28.0,80,71,1.04,1630898918
Zhumadian,CN,32.9794,114.0294,20.67,89,100,4.9,1630898919
Gazli,UZ,40.1333,63.45,24.04,19,0,7.95,1630898919
Jalu,LY,29.0331,21.5482,28.48,37,0,3.34,1630898920
Puerto Ayora,EC,-0.7393,-90.3518,19.87,80,39,3.96,1630898920
Warrnambool,AU,-38.3833,142.4833,14.34,61,6,5.73,1630898920
Dakar,SN,14.6937,-17.4441,25.49,81,15,4.58,1630898893
São Félix do Xingu,BR,-6.6447,-51.995,22.73,87,33,0.68,1630898921
Manaure,CO,11.7751,-72.4445,28.79,71,100,4.35,1630898921
Thompson,CA,55.7435,-97.8558,12.09,82,90,1.54,1630898922
Faanui,PF,-16.4833,-151.75,26.01,71,6,5.49,1630898922
Laas,IT,46.6166,10.7002,13.76,88,44,0.85,1630898922
Tateyama,JP,34.9833,139.8667,20.15,73,93,7.32,1630898923
Yalí,CO,6.6746,-74.8343,16.91,99,99,1.35,1630898923
Lilongwe,MW,-13.9669,33.7873,17.66,50,0,0.86,1630898923
Ossora,RU,59.2353,163.0719,9.71,75,100,6.05,1630898924
San Cristobal,VE,7.7669,-72.225,19.31,96,97,0.72,1630898924
Kapit,MY,2.0167,112.9333,30.92,64,73,0.58,1630898925
Tambura,SS,5.6,27.4667,19.34,92,84,0.6,1630898925
Goderich,CA,43.7501,-81.7165,20.09,68,8,5.14,1630898926
Tulun,RU,54.5611,100.5792,8.88,53,99,1.48,1630898926
Coldwater,US,41.9403,-85.0005,16.59,68,75,2.57,1630898926
Klaksvík,FO,62.2266,-6.589,11.51,90,100,6.48,1630898927
Twentynine Palms,US,34.1356,-116.0542,34.74,15,0,0.24,1630898927
Bredasdorp,ZA,-34.5322,20.0403,7.62,81,59,1.54,1630898927
Lakes Entrance,AU,-37.8811,147.981,16.2,57,2,6.58,1630898928
Vengerovo,RU,55.6848,76.7471,17.06,51,0,4.74,1630898928
Upernavik,GL,72.7868,-56.1549,1.77,99,100,7.99,1630898928
Kahului,US,20.8947,-156.47,30.01,48,40,10.29,1630898929
Saint Paul Harbor,US,57.79,-152.4072,14.73,88,90,3.6,1630898929
Vágur,FO,61.4732,-6.8119,12.17,95,100,6.92,1630898930
Staryy Nadym,RU,65.6118,72.6842,12.41,49,99,6.45,1630898930
Taoudenni,ML,22.6783,-3.9836,35.29,12,0,3.64,1630898930
Kutum,SD,14.2,24.6667,20.95,76,100,5.64,1630898931
Jardim,BR,-21.4803,-56.1381,26.86,54,45,1.57,1630898931
Pedasí,PA,7.5333,-80.0333,26.49,82,94,2.44,1630898932
Misratah,LY,32.3754,15.0925,26.87,79,2,4.54,1630898932
Tuktoyaktuk,CA,69.4541,-133.0374,8.0,93,90,3.6,1630898932
Kavaratti,IN,10.5669,72.642,27.25,77,100,7.54,1630898933
Calamar,CO,10.2511,-74.9146,26.97,84,90,2.21,1630898933
Manokwari,ID,-0.8667,134.0833,28.7,68,74,2.16,1630898933
Tricase,IT,39.9304,18.3553,19.62,75,7,4.47,1630898934
Antofagasta,CL,-23.65,-70.4,14.6,83,51,3.45,1630898934
Tabas,IR,33.5959,56.9244,26.88,19,0,2.1,1630898934
Biltine,TD,14.5333,20.9167,25.12,75,100,1.58,1630898935
Kathu,TH,7.9178,98.3332,29.9,65,85,1.13,1630898935
Maunabo,PR,18.0072,-65.8993,27.33,94,19,4.66,1630898936
Cabedelo,BR,-6.9811,-34.8339,23.37,77,38,4.64,1630898897
Ambulu,ID,-8.345,113.6058,30.4,56,89,3.93,1630898936
Nemuro,JP,43.3236,145.575,19.24,67,0,2.19,1630898937
Ukiah,US,39.1502,-123.2078,22.89,19,1,1.54,1630898937
Laguna,US,38.421,-121.4238,28.75,26,1,0.45,1630898937
West Fargo,US,46.875,-96.9004,15.78,72,1,0.0,1630898938
Culpeper,US,38.5004,-77.9664,21.46,93,90,0.45,1630898938
Sambava,MG,-14.2667,50.1667,19.78,75,82,4.84,1630898938
Garissa,KE,-0.4536,39.6401,22.45,83,45,6.4,1630898939
Middle Island,US,40.8843,-72.9373,21.19,90,90,0.45,1630898939
Port Hedland,AU,-20.3167,118.5667,31.03,13,0,10.29,1630898940
Qeshm,IR,26.9581,56.2719,30.93,76,20,3.53,1630898940
Pangnirtung,CA,66.1451,-65.7125,5.71,68,97,0.87,1630898940
Avera,US,33.194,-82.5271,19.72,42,68,2.45,1630898941
Esim,GH,4.8699,-2.2405,23.78,92,48,3.75,1630898941
Seminole,US,28.7086,-81.2081,25.15,93,90,3.09,1630898938
Abu Samrah,SY,35.3029,37.1841,21.07,74,0,2.77,1630898941
Jiuquan,CN,39.7432,98.5174,22.4,18,0,0.95,1630898942
Rudnichnyy,RU,59.617,52.4703,4.04,92,100,3.5,1630898942
La Rioja,ES,42.25,-2.5,16.94,49,96,3.1,1630898943
Moen,NO,69.1304,18.6123,9.4,93,90,0.0,1630898943
Bintulu,MY,3.1667,113.0333,31.23,70,40,2.06,1630898943
Kortkeros,RU,61.8106,51.5806,5.0,94,100,4.44,1630898944
Namatanai,PG,-3.6667,152.4333,28.91,72,35,3.92,1630898944
São João da Barra,BR,-21.6403,-41.0511,22.41,95,8,6.06,1630898945
Waingapu,ID,-9.6567,120.2641,30.59,58,99,6.66,1630898945
Lubango,AO,-14.9172,13.4925,15.35,43,0,2.47,1630898945
Kasangulu,CD,-4.5911,15.1708,23.49,65,60,3.17,1630898946
Kavieng,PG,-2.5744,150.7967,29.38,71,33,5.66,1630898946
Ségou,ML,13.4317,-6.2157,25.18,75,98,3.23,1630898947
Praia da Vitória,PT,38.7333,-27.0667,20.14,83,75,6.91,1630898947
Samaná,DO,19.2056,-69.3369,26.47,83,1,3.54,1630898947
Talnakh,RU,69.4865,88.3972,13.7,63,85,9.18,1630898948
Rocha,UY,-34.4833,-54.3333,10.22,94,48,2.01,1630898726
Adrar,MR,20.5022,-10.0711,32.64,26,40,4.6,1630898948
Bukama,CD,-9.2,25.85,22.44,45,1,0.94,1630898949
Zorgo,BF,12.2489,-0.6158,23.07,81,100,1.61,1630898949
Ürümqi,CN,43.801,87.6005,27.53,18,0,3.0,1630898949
Waitati,NZ,-45.75,170.5667,14.73,50,97,4.58,1630898950
Mehamn,NO,71.0357,27.8492,5.97,100,75,1.54,1630898950
Mandalgovi,MN,45.7625,106.2708,15.38,45,0,4.57,1630898858
Mil'kovo,RU,54.7167,158.6167,12.22,81,100,3.46,1630898951
Barahan,PH,13.0121,120.762,29.36,70,99,2.56,1630898952
Valparaíso,CL,-33.0393,-71.6273,8.8,93,0,2.06,1630898952
Mankono,CI,8.0586,-6.1897,21.15,94,77,0.54,1630898952
Mercedes,AR,-34.6515,-59.4307,10.16,95,84,3.35,1630898953
Quatre Cocos,MU,-20.2078,57.7625,21.16,71,54,8.89,1630898953
Acarí,PE,-15.4311,-74.6158,17.39,79,95,1.69,1630898953
Longyearbyen,SJ,78.2186,15.6401,3.91,70,75,7.72,1630898954
Synya,RU,65.3718,58.0387,3.99,97,100,6.86,1630898954
Mahon,ES,39.8885,4.2658,22.31,100,0,0.51,1630898955
Asău,RO,46.4333,26.4,5.51,74,1,1.25,1630898955
Havre-St-Pierre,CA,50.2334,-63.5986,11.2,87,90,1.54,1630898955
Lexington,US,37.9887,-84.4777,18.84,89,75,0.0,1630898765
Troitskoye,RU,52.9821,84.6757,21.56,31,13,2.22,1630898956
Lebu,CL,-37.6167,-73.65,8.74,87,11,4.38,1630898956
Kamyshnya,UA,50.1859,33.684,4.28,82,6,2.72,1630898957
Carroll,US,39.5501,-77.0164,20.1,86,75,0.45,1630898957
Arica,CL,-18.475,-70.3042,14.94,83,69,0.53,1630898757
Nyeri,KE,-0.4201,36.9476,13.46,95,97,1.92,1630898958
Olafsvik,IS,64.8945,-23.7142,9.97,82,56,8.25,1630898958
Kaseda-shirakame,JP,31.4167,130.3167,29.57,84,100,2.21,1630898959
Khovd,MN,48.0056,91.6419,19.4,30,99,0.28,1630898959
Florida,US,28.7505,-82.5001,24.76,91,1,0.0,1630898960
Castilho,BR,-20.8722,-51.4875,25.94,33,0,2.15,1630898960
Guaraniaçu,BR,-25.1008,-52.8781,15.17,67,0,1.19,1630898960
Walvis Bay,NA,-22.9575,14.5053,9.53,100,100,3.09,1630898961
Bull Savanna,JM,17.8868,-77.5902,24.82,82,66,3.17,1630898962
Ware,GB,51.8126,-0.0283,13.72,95,73,1.03,1630898962
Ambilobe,MG,-13.2,49.05,17.99,71,9,1.79,1630898963
Saldanha,ZA,-33.0117,17.9442,10.03,53,100,5.49,1630898963
Qarchī Gak,AF,37.04,66.7889,23.05,17,0,2.13,1630898964
Coos Bay,US,43.3665,-124.2179,17.45,82,40,4.63,1630898932
Revelstoke,CA,50.9832,-118.2023,17.01,88,90,0.0,1630898964
Sítio Novo do Tocantins,BR,-5.5183,-47.4611,25.75,67,81,1.51,1630898964
Pajapan,MX,18.25,-94.7,24.64,89,100,2.42,1630898965
Nacogdoches,US,31.6002,-94.6335,26.29,82,75,0.0,1630898965
Yazman,PK,29.1212,71.7446,35.78,40,0,1.23,1630898965
Erenhot,CN,43.6475,111.9767,14.95,30,9,2.27,1630898966
Kumul,CN,42.8,93.45,27.18,15,1,2.69,1630898966
Huarmey,PE,-10.0681,-78.1522,16.96,90,28,3.32,1630898966
Bustamante,MX,26.5333,-100.5,28.95,36,90,3.22,1630898967
Sittwe,MM,20.15,92.9,27.41,82,100,9.5,1630898967
Gjirokastër,AL,40.0758,20.1389,20.01,86,98,2.14,1630898968
Churapcha,RU,62.0025,132.4325,14.57,40,36,1.13,1630898968
Prabumulih,ID,-3.45,104.25,29.68,63,99,1.58,1630898968
Harper,LR,4.375,-7.7169,24.63,81,99,4.26,1630898969
Darnah,LY,32.767,22.6367,23.88,84,0,3.66,1630898969
Teahupoo,PF,-17.8333,-149.2667,24.98,74,27,4.99,1630898970
Vigeland,NO,58.0844,7.305,13.77,83,94,1.42,1630898970
Sabha,LY,27.0377,14.4283,29.17,23,1,2.55,1630898970
Weihe,CN,32.9952,105.3247,18.9,63,100,3.83,1630898971
Port Blair,IN,11.6667,92.75,26.02,89,90,1.03,1630898971
Escanaba,US,45.7453,-87.0646,14.11,77,1,3.09,1630898971
Areia Branca,BR,-4.9561,-37.1369,24.61,74,4,7.32,1630898972
Tuatapere,NZ,-46.1333,167.6833,14.9,56,100,5.48,1630898972
Yangi Marg`ilon,UZ,40.4272,71.7189,25.38,29,0,3.09,1630898974
Evensk,RU,61.95,159.2333,10.73,35,30,5.27,1630898974
Puerto Madero,MX,14.7208,-92.4215,24.11,100,75,0.0,1630898974
Tynda,RU,55.1667,124.7167,15.86,94,100,2.46,1630898975
Tadine,NC,-21.55,167.8833,23.9,66,6,5.48,1630898975
Roald,NO,62.5833,6.1333,13.34,72,75,4.12,1630898975
Bud,US,39.447,-86.1758,16.63,85,8,2.16,1630898976
Paranhos,BR,-23.8928,-55.4311,22.56,60,44,2.0,1630898976
Devonport,AU,-41.1667,146.35,16.26,41,35,5.51,1630898977
Taree,AU,-31.9,152.4667,19.06,26,40,8.23,1630898767
Moa,CU,20.6569,-74.9403,26.8,84,72,2.92,1630898977
Shakawe,BW,-18.3667,21.85,18.3,35,52,0.4,1630898978
Pacific Grove,US,36.6177,-121.9166,15.18,87,1,0.89,1630898978
Suwałki,PL,54.1118,22.9309,5.02,86,81,2.12,1630898978
Egvekinot,RU,66.3167,-179.1667,1.16,94,100,3.24,1630898979
Clyde River,CA,70.4692,-68.5914,-0.36,81,100,3.2,1630898979
Grand Gaube,MU,-20.0064,57.6608,21.32,69,59,4.92,1630898980
Beyneu,KZ,45.3167,55.2,21.09,30,85,4.16,1630898980
Broome,US,42.2506,-75.833,17.14,96,85,1.71,1630898981
Los Llanos de Aridane,ES,28.6585,-17.9182,20.07,72,0,2.57,1630898981
Kousséri,CM,12.0769,15.0306,22.98,88,20,2.57,1630898981
Vestmannaeyjar,IS,63.4427,-20.2734,11.69,79,100,6.98,1630898982
Itarema,BR,-2.9248,-39.9167,25.54,84,64,6.43,1630898982
Novy Urengoy,RU,66.0833,76.6333,11.55,89,100,5.32,1630898982
Djibouti,DJ,11.5,42.5,29.68,51,18,1.39,1630898983
Samarai,PG,-10.6167,150.6667,26.25,70,93,6.53,1630898983
Pathein,MM,16.7833,94.7333,25.79,90,100,4.44,1630898984
Severnyy-Kospashskiy,RU,59.0925,57.8008,3.94,98,100,3.47,1630898984
São Raimundo Nonato,BR,-9.0153,-42.6994,27.26,43,50,1.37,1630898984
Nara,JP,34.6851,135.8049,28.63,52,71,2.63,1630898985
Cayenne,GF,4.9333,-52.3333,27.83,81,0,1.34,1630898985
Muroto-misakicho,JP,33.2833,134.15,28.02,75,100,1.49,1630898985
Kyabram,AU,-36.3167,145.05,17.15,52,1,4.71,1630898986
Basco,PH,20.4487,121.9702,29.27,77,11,5.9,1630898986
Hobyo,SO,5.3505,48.5268,25.02,85,100,8.9,1630898987
Sola,VU,-13.8833,167.55,26.37,83,75,0.0,1630898987
Sistranda,NO,63.7256,8.834,10.98,79,100,5.54,1630898987
Gobabis,NA,-22.45,18.9667,13.66,15,10,3.01,1630898988
Naze,JP,28.3667,129.4833,29.51,73,99,2.44,1630898988
Binga,ZW,-17.6203,27.3414,19.88,47,0,1.32,1630898989
Hamilton,US,39.1834,-84.5333,16.66,88,1,0.0,1630898794
Palembang,ID,-2.9167,104.7458,29.05,79,20,2.06,1630898915
Xapuri,BR,-10.6517,-68.5044,25.83,74,82,1.2,1630898989
Mujiayingzi,CN,42.1167,118.7833,12.32,91,100,2.1,1630898990
Tautira,PF,-17.7333,-149.15,28.01,74,28,4.98,1630898990
Mahon,ES,39.8885,4.2658,22.31,100,0,0.51,1630898955
Poum,NC,-20.2333,164.0167,22.3,70,2,5.65,1630898991
Chokurdakh,RU,70.6333,147.9167,8.1,88,100,11.56,1630898991
Lavrentiya,RU,65.5833,-171.0,3.59,77,100,2.75,1630898991
Bowen,AU,-20.0167,148.2333,24.12,60,20,7.77,1630898992
Mitú,CO,1.1983,-70.1733,22.55,98,100,0.64,1630898737
Yumen,CN,40.2833,97.2,23.23,21,0,4.53,1630898992
Esperance,AU,-33.8667,121.9,18.91,47,0,5.02,1630898992
Ostrovnoy,RU,68.0531,39.5131,5.27,79,100,11.62,1630898993
Nguru,NG,12.8791,10.4526,25.69,65,98,6.41,1630898993
Tiznit Province,MA,29.5833,-9.5,24.92,47,50,0.82,1630898993
Polson,US,47.6936,-114.1632,21.39,44,3,1.52,1630898995
Lorengau,PG,-2.0226,147.2712,29.33,70,48,2.76,1630898995
Constitución,CL,-35.3333,-72.4167,10.44,92,89,2.7,1630898756
Ust-Tsilma,RU,65.441,52.1498,4.83,97,100,6.2,1630898996
Soe,ID,-9.8607,124.284,26.33,51,100,4.88,1630898996
Tabory,RU,58.5198,64.5495,8.35,70,32,4.68,1630898997
Cascais,PT,38.6979,-9.4215,20.27,76,84,1.34,1630898997
Tongliao,CN,43.6125,122.2653,17.45,87,100,1.74,1630898998
Touros,BR,-5.1989,-35.4608,24.5,79,2,6.02,1630898998
Lapua,FI,62.9693,23.0088,1.38,96,100,1.41,1630898998
Zasosna,RU,50.6307,38.3965,4.99,79,7,2.32,1630898999
Sokółka,PL,53.4072,23.5023,4.69,79,86,1.07,1630898999
La Ronge,CA,55.1001,-105.2842,16.14,72,75,3.09,1630898999
Tarakan,ID,3.3,117.6333,29.72,74,40,2.06,1630899000
Gračanica,BA,44.7033,18.3097,9.25,60,66,0.67,1630899000
Lashio,MM,22.9333,97.75,24.44,81,97,0.55,1630899001
Puri,IN,19.8,85.85,29.35,79,100,7.53,1630899001
Mitsamiouli,KM,-11.3847,43.2844,22.16,78,20,2.57,1630899003
Jiayuguan City,CN,39.8167,98.3,21.96,17,0,0.39,1630899003
Akureyri,IS,65.6835,-18.0878,10.96,62,75,3.09,1630898931
Kupang,ID,-10.1667,123.5833,33.32,43,20,8.23,1630899006
Jinchang,CN,38.4953,102.1739,21.09,20,0,0.52,1630899007
El Salvador,SV,13.8333,-88.9167,22.22,95,93,0.48,1630898817
Batagay,RU,67.6333,134.6333,13.35,41,64,2.25,1630899007
Perelyub,RU,51.8667,50.3667,12.02,49,83,0.78,1630899008
Yerofey Pavlovich,RU,53.9667,121.9667,15.47,85,100,2.76,1630899008
At-Bashi,KG,41.1702,75.8106,19.06,36,0,1.62,1630899009
Pamatawan,PH,14.9278,120.2136,31.76,66,75,3.6,1630899009
Colombia,CU,20.9881,-77.4297,22.4,92,96,3.34,1630899010
Aklavik,CA,68.2191,-135.0107,11.46,94,100,4.88,1630899010
Srednekolymsk,RU,67.45,153.6833,4.55,88,100,11.18,1630899011
Pemba,MZ,-12.974,40.5178,24.04,69,6,5.84,1630899011
Brae,GB,60.3964,-1.353,12.95,97,100,4.9,1630899012
Oranjemund,NA,-28.55,16.4333,11.42,90,2,5.47,1630899013
Narsaq,GL,60.9167,-46.05,7.12,48,0,2.11,1630899014
Qiongshan,CN,20.0058,110.3542,29.99,74,75,1.0,1630899015
Necochea,AR,-38.5473,-58.7368,9.46,91,21,3.99,1630899016
Vanimo,PG,-2.6741,141.3028,29.14,73,30,3.04,1630899016
Ancud,CL,-41.8697,-73.8203,7.74,81,99,4.95,1630899016
Ternate,ID,0.8,127.4,28.4,72,99,4.34,1630899017
Carutapera,BR,-1.195,-46.02,25.08,86,45,3.44,1630899017
Santa Maria,BR,-29.6842,-53.8069,11.61,100,40,0.0,1630899018
Moberly,US,39.4184,-92.4382,19.41,76,1,1.54,1630899018
Vila,PT,42.0304,-8.1588,17.11,68,54,2.4,1630899019
Gualaca,PA,8.5333,-82.3,24.26,92,100,0.61,1630899019
Iqaluit,CA,63.7506,-68.5145,4.85,87,75,5.14,1630898780
Challans,FR,46.8436,-1.8749,17.04,74,6,3.57,1630899020
Pedraza,CO,10.1874,-74.915,24.65,88,72,1.57,1630899020
Santa Cruz de La Palma,ES,28.6835,-17.7642,23.08,78,0,2.57,1630899020
Yangjiang,CN,21.85,111.9667,31.52,63,11,1.91,1630899021
College,US,64.8569,-147.8028,10.39,81,90,3.09,1630898947
Selty,RU,57.3132,52.1345,6.13,91,99,3.08,1630899021
Oranjestad,AW,12.524,-70.027,27.97,83,20,6.69,1630899022
Chas,IN,23.6333,86.1667,30.3,68,97,5.51,1630899022
Pauini,BR,-7.7136,-66.9764,23.37,87,50,0.73,1630899022
Arrondissement d'Ajaccio,FR,42.0,8.9167,15.38,77,0,3.09,1630899023
Healdsburg,US,38.6105,-122.8692,19.93,53,1,1.79,1630899023
Novaya Bryan’,RU,51.7159,108.2691,6.43,74,100,1.92,1630899024
Katangli,RU,51.7102,143.2326,18.42,53,3,3.82,1630899024
Isangel,VU,-19.55,169.2667,26.06,65,75,6.17,1630899024
Denpasar,ID,-8.65,115.2167,28.81,79,40,6.17,1630898539
Krivosheino,RU,57.3431,83.9261,14.93,55,1,2.89,1630899025
Mareeba,AU,-17.0,145.4333,25.81,57,16,4.64,1630899025
Dunedin,NZ,-45.8742,170.5036,13.81,49,96,6.08,1630899026
Bitung,ID,1.4451,125.1824,33.47,75,67,6.73,1630899026
Hervey Bay,AU,-25.2986,152.8535,24.06,49,100,6.65,1630899026
Chechat,IN,24.7667,75.8833,28.96,70,23,1.48,1630899027
Loandjili,CG,-4.7561,11.8578,22.06,94,75,0.0,1630899027
Selçuk,TR,37.9514,27.3685,22.0,81,0,2.66,1630899028
Arrondissement de Pontivy,FR,48.0,-3.0,17.31,89,7,2.61,1630899028
São Filipe,CV,14.8961,-24.4956,25.97,85,10,2.78,1630899028
Akdepe,TM,42.0551,59.3788,21.05,28,0,6.76,1630899029
Elko,US,41.0002,-115.5012,19.99,10,0,2.68,1630899029
Porto-Novo,BJ,6.4965,2.6036,25.9,93,100,2.64,1630899029
Radcliff,US,37.8404,-85.9491,17.61,91,1,0.0,1630899030
Thinadhoo,MV,0.5333,72.9333,28.49,71,82,4.87,1630899030
Salalah,OM,17.0151,54.0924,26.05,94,90,1.03,1630899031
Galle,LK,6.0367,80.217,26.75,84,100,6.91,1630898820
Chase,CA,50.8165,-119.6857,17.06,68,92,1.19,1630899031
São Geraldo do Araguaia,BR,-6.4006,-48.555,24.96,73,55,0.04,1630899031
Yueyang,CN,29.3333,113.0919,28.5,71,79,6.65,1630899032
Tigil',RU,57.8,158.6667,10.99,91,100,0.47,1630899032
Kloulklubed,PW,7.0419,134.2556,31.28,69,50,5.85,1630899033
Bagotville,AU,-28.9833,153.4167,19.61,40,0,3.95,1630899033
Biała Podlaska,PL,52.0324,23.1165,6.18,76,64,1.26,1630899033
Huambo,AO,-12.7761,15.7392,14.74,51,2,1.68,1630899034
Ust-Nera,RU,64.5667,143.2,11.19,34,19,2.63,1630899034
Coahuayana Viejo,MX,18.7333,-103.6833,25.37,89,100,1.59,1630899034
Sisimiut,GL,66.9395,-53.6735,4.93,61,45,3.95,1630899035
Abatskiy,RU,56.2875,70.4555,15.39,35,20,4.68,1630899035
Shingū,JP,33.7333,135.9833,27.17,80,97,4.05,1630899036
Marawi,PH,7.9986,124.2928,23.69,86,98,1.44,1630899036
North Mankato,US,44.1733,-94.0339,16.41,63,1,1.54,1630899037
San Juan,AR,-31.5375,-68.5364,18.74,44,2,0.57,1630899002
Vardø,NO,70.3705,31.1107,5.31,71,98,2.56,1630899037
Maravilha,BR,-26.7608,-53.1725,12.72,95,0,1.09,1630899038
Sept-Îles,CA,50.2001,-66.3821,11.7,89,90,1.79,1630899038
Saint George,US,37.1041,-113.5841,33.42,19,1,1.79,1630899038
Riyadh,SA,24.6877,46.7219,27.08,14,0,0.93,1630898779
Songkhla,TH,6.8333,100.6667,31.03,49,83,1.78,1630899039
Okhotsk,RU,59.3833,143.3,16.42,39,5,4.29,1630899039
Agadir,MA,30.4202,-9.5982,20.25,54,28,1.47,1630899040
Ilulissat,GL,69.2167,-51.1,2.01,64,66,6.17,1630898957
Little Current,CA,45.9793,-81.9248,15.31,75,7,6.44,1630899015
Batemans Bay,AU,-35.7167,150.1833,16.81,39,0,6.36,1630899022
Seydişehir,TR,37.4193,31.8453,15.14,44,3,1.88,1630899041
Point Pleasant,US,40.0832,-74.0682,21.12,88,75,0.89,1630899041
Kelowna,CA,49.8831,-119.4857,18.23,77,65,0.21,1630898915
Bubaque,GW,11.2833,-15.8333,26.44,82,22,3.62,1630899042
Ziway,ET,7.9333,38.7167,16.65,87,100,3.11,1630899042
Malbork,PL,54.0359,19.0266,7.69,78,20,2.86,1630899042
Yulara,AU,-25.2406,130.9889,18.91,22,0,8.75,1630899043
Mana,GF,5.6592,-53.7767,25.6,87,72,4.26,1630899043
Kolokani,ML,13.5728,-8.0339,21.27,92,65,3.44,1630899044
Karratha,AU,-20.7377,116.8463,28.18,25,0,13.0,1630899044
Inhambane,MZ,-23.865,35.3833,19.99,100,20,0.0,1630899044
Boyolangu,ID,-8.1181,111.8935,29.22,60,87,4.51,1630899045
Guangzhou,CN,23.1167,113.25,32.97,49,38,1.24,1630898766
Reconquista,AR,-29.15,-59.65,17.84,63,37,3.65,1630899015
Kuching,MY,1.55,110.3333,32.12,58,40,2.06,1630899045
Lichuan,CN,30.3,108.85,23.73,81,52,0.41,1630899046
Acaraú,BR,-2.8856,-40.12,25.44,85,52,6.73,1630898908
Aljezur,PT,37.3191,-8.8033,19.92,86,100,1.53,1630899046
Trincomalee,LK,8.5711,81.2335,28.96,69,100,8.2,1630899047
Masalli,KR,34.7959,126.6553,23.82,89,100,6.74,1630899047
Kidal,ML,18.4411,1.4078,28.23,50,15,4.41,1630899047
Vanavara,RU,60.34,102.2797,5.53,88,100,2.25,1630899048
Pochutla,MX,15.7432,-96.4661,26.01,89,98,1.37,1630899048
Iglino,RU,54.8324,56.4126,5.05,54,100,3.99,1630899049
Kremsmünster,AT,48.0529,14.1292,10.85,78,0,0.33,1630899049
Oistins,BB,13.0667,-59.5333,24.05,94,20,1.54,1630899049
Brandon,US,27.9378,-82.2859,25.69,91,1,0.89,1630898808
Husavik,IS,66.0449,-17.3389,10.95,70,6,3.78,1630899050
Jerome,US,42.7241,-114.5186,19.41,35,1,0.89,1630899050
Christchurch,NZ,-43.5333,172.6333,16.45,41,100,1.79,1630898958
Santa Lucía,ES,27.9117,-15.5407,18.45,82,0,2.06,1630899051
Bilma,NE,18.6853,12.9164,30.19,15,87,5.45,1630899051
Mobaye,CF,4.319,21.1786,20.4,98,98,0.97,1630899052
Ovalle,CL,-30.5983,-71.2003,11.49,77,81,0.54,1630899052
Balabac,PH,7.9868,117.0645,29.41,71,100,3.56,1630899053
Kano,NG,12.0001,8.5167,21.94,100,0,3.6,1630899053
Zhezkazgan,KZ,47.8043,67.7144,20.01,31,0,7.52,1630899053
Bālurghāt,IN,25.2167,88.7667,28.11,79,100,4.42,1630899054
West Wendover,US,40.7391,-114.0733,25.56,15,1,0.0,1630899054
Piaçabuçu,BR,-10.4056,-36.4344,24.66,69,98,3.29,1630899056
Saint-Pierre,RE,-21.3393,55.4781,19.2,66,28,3.6,1630899056
Kirakira,SB,-10.4544,161.9205,27.4,80,98,4.07,1630899056
Deputatsky,RU,69.3,139.9,5.09,83,100,13.42,1630899057
Caravelas,BR,-17.7125,-39.2481,23.23,91,5,3.89,1630899057
Katsuura,JP,35.1333,140.3,21.06,76,98,8.75,1630899058
Kokopo,PG,-4.352,152.2633,29.99,63,18,5.71,1630899058
Opotiki,NZ,-38.0833,177.2833,13.08,75,77,3.97,1630899058
Lerwick,GB,60.1545,-1.1494,13.0,96,98,5.06,1630899059
Muros,ES,42.7762,-9.0603,20.07,76,84,2.87,1630899059
Pokaran,IN,26.9167,71.9167,32.61,56,84,3.6,1630899060
Poddor'ye,RU,57.4695,31.1156,5.2,84,100,2.99,1630899060
Altamirano,MX,16.8833,-92.15,14.33,98,100,1.12,1630899061
Pringsewu,ID,-5.3582,104.9744,32.05,51,60,2.56,1630899061
Hokitika,NZ,-42.7167,170.9667,11.88,83,100,8.74,1630899061
Tyumentsevo,RU,53.3224,81.498,25.73,21,0,3.11,1630899062
Sarangani,PH,5.4033,125.4636,28.97,72,96,5.4,1630899062
Subkhankulovo,RU,54.5574,53.8115,10.33,66,98,2.48,1630899063
Manzhouli,CN,49.6,117.4333,13.84,48,100,3.61,1630898936
Ankazoabo,MG,-22.2833,44.5167,17.26,66,0,2.56,1630899063
Merrill,US,45.1805,-89.6835,13.4,87,40,0.0,1630899064
Brazzaville,CG,-4.2658,15.2832,24.2,73,75,2.06,1630898791
Payson,US,40.0444,-111.7321,20.81,31,1,1.54,1630899064
